case,model1_ts,model2_ts,ppl_diff,avgnll_diff,total_diff
Closure_111,20251218_075532,20251218_075543,0.36378926711559556,0.3071921723766903,0.6709814394922858
Jsoup_65,20251218_075532,20251218_075543,0.2919136696754363,0.2500448176507515,0.5419584873261878
JacksonDatabind_96,20251218_075532,20251218_075543,0.28409529774496867,0.2412365568806612,0.5253318546256298
Closure_18,20251218_075532,20251218_075543,0.27921801751411546,0.24482355702296457,0.52404157453708
JacksonDatabind_83,20251218_075532,20251218_075543,0.2621881216434201,0.2324270527349641,0.4946151743783842
Closure_48,20251218_075532,20251218_075543,0.21850500837182363,0.19757014675778725,0.4160751551296109
Math_50,20251218_075532,20251218_075543,0.18682711083940262,0.1699746124056376,0.3568017232450402
Mockito_13,20251218_075532,20251218_075543,0.18261570308228436,0.16750761992112362,0.350123323003408
Compress_4,20251218_075532,20251218_075543,0.18188178461767457,0.16475504316356082,0.3466368277812354
Cli_3,20251218_075532,20251218_075543,0.17530372940801464,0.15928136081700878,0.3345850902250234
JacksonDatabind_14,20251218_075532,20251218_075543,0.16629732477068093,0.1492224359031517,0.31551976067383264
Math_74,20251218_075532,20251218_075543,0.15973423651491703,0.14799260383006185,0.3077268403449789
Math_81,20251218_075532,20251218_075543,0.15713510435979838,0.145797141129151,0.30293224548894937
Collections_7,20251218_075532,20251218_075543,0.1540371942862584,0.14296666521113366,0.29700385949739205
Closure_132,20251218_075532,20251218_075543,0.14638376119580987,0.1365662212483585,0.28294998244416836
Time_26,20251218_075532,20251218_075543,0.13938204502780716,0.13023298470373162,0.2696150297315388
JacksonCore_22,20251218_075532,20251218_075543,0.1354937302655137,0.12649583094753325,0.26198956121304695
JacksonDatabind_31,20251218_075532,20251218_075543,0.14286474337328992,0.11040272495580561,0.2532674683290955
Closure_104,20251218_075532,20251218_075543,0.11391217361721373,0.10728280042668722,0.22119497404390095
Closure_59,20251218_075532,20251218_075543,0.11345020475014866,0.10725508003995039,0.22070528479009904
Collections_9,20251218_075532,20251218_075543,0.11224806592230197,0.10214167490149989,0.21438974082380186
JacksonCore_12,20251218_075532,20251218_075543,0.11018754906202699,0.10387808829545975,0.21406563735748674
JacksonDatabind_37,20251218_075532,20251218_075543,0.10627068354357139,0.10015669869524435,0.20642738223881574
Collections_15,20251218_075532,20251218_075543,0.10532079721226695,0.09724502001180607,0.20256581722407302
Collections_5,20251218_075532,20251218_075543,0.09890127936526882,0.09314796647529719,0.192049245840566
JacksonCore_23,20251218_075532,20251218_075543,0.09322723145568612,0.08669927590845888,0.179926507364145
Closure_131,20251218_075532,20251218_075543,0.08767699959522135,0.08259659456281578,0.1702735941580371
Codec_4,20251218_075532,20251218_075543,0.08678302301246643,0.08179034010089677,0.16857336311336318
Jsoup_5,20251218_075532,20251218_075543,0.08681557563448217,0.07994162843415611,0.16675720406863828
Collections_26,20251218_075532,20251218_075543,0.08549155334453595,0.07955726768289294,0.1650488210274289
Math_69,20251218_075532,20251218_075543,0.08085063222394129,0.07708154355000466,0.15793217577394594
JacksonDatabind_11,20251218_075532,20251218_075543,0.08070148146955658,0.0756166011188171,0.15631808258837368
Jsoup_84,20251218_075532,20251218_075543,0.07870848238725836,0.07441226299621188,0.15312074538347026
Closure_29,20251218_075532,20251218_075543,0.07728908628303821,0.07398710619835626,0.15127619248139446
Closure_52,20251218_075532,20251218_075543,0.07722500437559865,0.07369282201201002,0.15091782638760867
Closure_159,20251218_075532,20251218_075543,0.07750300089977746,0.07313841557835317,0.15064141647813062
Jsoup_40,20251218_075532,20251218_075543,0.0745227630576959,0.07091526406221703,0.14543802711991294
JacksonDatabind_51,20251218_075532,20251218_075543,0.07155977578934603,0.06869567815238688,0.1402554539417329
Closure_90,20251218_075532,20251218_075543,0.07079663528435587,0.0680557545689447,0.13885238985330056
Closure_112,20251218_075532,20251218_075543,0.0712103718024728,0.06757665763888393,0.13878702944135674
Mockito_8,20251218_075532,20251218_075543,0.06483523813970216,0.06183368684834965,0.12666892498805182
Gson_1,20251218_075532,20251218_075543,0.06327299651792062,0.06066443616454761,0.12393743268246823
Lang_27,20251218_075532,20251218_075543,0.06217757874088914,0.0602224011085433,0.12239997984943243
Jsoup_64,20251218_075532,20251218_075543,0.06198001672364817,0.05836016212960613,0.12034017885325429
Closure_55,20251218_075532,20251218_075543,0.0611194800356194,0.05742044420464011,0.11853992424025951
JacksonDatabind_68,20251218_075532,20251218_075543,0.06021233362756773,0.05814056366216391,0.11835289728973164
JacksonDatabind_64,20251218_075532,20251218_075543,0.058471640195683294,0.056767881014629415,0.11523952121031271
Jsoup_80,20251218_075532,20251218_075543,0.05824399339510822,0.056188707965793026,0.11443270136090125
JacksonDatabind_7,20251218_075532,20251218_075543,0.05803116740855763,0.055421146458936435,0.11345231386749406
Closure_139,20251218_075532,20251218_075543,0.0573301321585622,0.054523912235488275,0.11185404439405047
Closure_173,20251218_075532,20251218_075543,0.05615568655726677,0.054424593690782785,0.11058028024804956
JacksonDatabind_22,20251218_075532,20251218_075543,0.0553690671871252,0.053189042839221656,0.10855811002634685
Math_63,20251218_075532,20251218_075543,0.05374232761070252,0.05210689807909107,0.1058492256897936
Math_6,20251218_075532,20251218_075543,0.05370074344649045,0.051949784508906305,0.10565052795539676
Collections_19,20251218_075532,20251218_075543,0.05429751781804848,0.05119812852671658,0.10549564634476506
Jsoup_70,20251218_075532,20251218_075543,0.05231424758024317,0.050800371737707226,0.10311461931795039
Closure_150,20251218_075532,20251218_075543,0.053666128608582,0.04901456610486532,0.10268069471344732
Closure_66,20251218_075532,20251218_075543,0.05187576099666935,0.05052936114252934,0.1024051221391987
Lang_63,20251218_075532,20251218_075543,0.05153823615289377,0.04937037995608595,0.10090861610897972
Jsoup_2,20251218_075532,20251218_075543,0.05100275850079172,0.04966661319356833,0.10066937169436005
Math_51,20251218_075532,20251218_075543,0.05089379444106168,0.0492311597113966,0.10012495415245828
Time_20,20251218_075532,20251218_075543,0.05078609277190105,0.048504414598337195,0.09929050737023824
JacksonXml_1,20251218_075532,20251218_075543,0.050064794261263756,0.04834634967916926,0.09841114394043302
Math_44,20251218_075532,20251218_075543,0.04999718259498098,0.047962812394308295,0.09795999498928928
Math_91,20251218_075532,20251218_075543,0.0497307656630912,0.04722969812825849,0.09696046379134969
JacksonDatabind_6,20251218_075532,20251218_075543,0.049136534289548894,0.04675256984774023,0.09588910413728913
Time_16,20251218_075532,20251218_075543,0.04856688289364519,0.046792841269263336,0.09535972416290853
Closure_34,20251218_075532,20251218_075543,0.04871580466632586,0.04617500964591302,0.09489081431223888
Closure_97,20251218_075532,20251218_075543,0.047198421849040884,0.04593937972674543,0.09313780157578631
Closure_68,20251218_075532,20251218_075543,0.047003942140706245,0.04584789442492063,0.09285183656562687
Compress_26,20251218_075532,20251218_075543,0.04714490975489638,0.04444883929358588,0.09159374904848226
Closure_170,20251218_075532,20251218_075543,0.044801335196086756,0.042583187031828645,0.0873845222279154
Closure_9,20251218_075532,20251218_075543,0.04421614120329842,0.04282011460242261,0.08703625580572102
Compress_17,20251218_075532,20251218_075543,0.04363734346285786,0.04234346336253573,0.08598080682539358
Closure_60,20251218_075532,20251218_075543,0.043529907744155105,0.042331664829530755,0.08586157257368586
Math_71,20251218_075532,20251218_075543,0.04318826251877783,0.042225342243909836,0.08541360476268767
Math_95,20251218_075532,20251218_075543,0.043890647468069144,0.04143832879802631,0.08532897626609545
Math_39,20251218_075532,20251218_075543,0.042920992042007056,0.041923585687612556,0.08484457772961962
Math_17,20251218_075532,20251218_075543,0.04351560699252466,0.04038603832305472,0.08390164531557938
JacksonDatabind_15,20251218_075532,20251218_075543,0.041035720868094705,0.03966738376766443,0.08070310463575914
Closure_109,20251218_075532,20251218_075543,0.04080008406368618,0.039709697246674766,0.08050978131036095
Closure_140,20251218_075532,20251218_075543,0.04069292089094545,0.039239472860411545,0.079932393751357
Time_3,20251218_075532,20251218_075543,0.04026334560818001,0.0393673448652447,0.07963069047342472
Math_53,20251218_075532,20251218_075543,0.04048888475903989,0.03875042752521794,0.07923931228425783
Closure_167,20251218_075532,20251218_075543,0.03975943214408173,0.03888912962414434,0.07864856176822607
Math_7,20251218_075532,20251218_075543,0.0382550079449806,0.037445101151911186,0.07570010909689179
Closure_46,20251218_075532,20251218_075543,0.03851145221575325,0.03705893662297403,0.07557038883872727
JacksonDatabind_85,20251218_075532,20251218_075543,0.03832877671465296,0.036797275931323696,0.07512605264597666
Compress_28,20251218_075532,20251218_075543,0.03784227086662062,0.03679896594602941,0.07464123681265003
Closure_41,20251218_075532,20251218_075543,0.037038275822109945,0.03624184172051733,0.07328011754262728
Math_75,20251218_075532,20251218_075543,0.03658830027273141,0.03566975695021609,0.07225805722294751
Closure_32,20251218_075532,20251218_075543,0.03650562714635597,0.03569454319023515,0.07220017033659112
Math_90,20251218_075532,20251218_075543,0.03645223005498188,0.03569699401583526,0.07214922407081714
Closure_7,20251218_075532,20251218_075543,0.0367357016881007,0.03483867489891808,0.07157437658701878
Math_20,20251218_075532,20251218_075543,0.036456789207890195,0.0349586757029722,0.0714154649108624
JacksonDatabind_25,20251218_075532,20251218_075543,0.03585996227371013,0.03516526555176824,0.07102522782547838
Closure_126,20251218_075532,20251218_075543,0.035954741181862815,0.03494708986777282,0.07090183104963563
Closure_69,20251218_075532,20251218_075543,0.03599682163802753,0.03483192627286076,0.07082874791088829
Jsoup_75,20251218_075532,20251218_075543,0.03618045066563291,0.03446716101628565,0.07064761168191856
Codec_7,20251218_075532,20251218_075543,0.03551104044274256,0.034681112417041526,0.07019215285978408
Math_33,20251218_075532,20251218_075543,0.035619148359923525,0.03452243659554458,0.0701415849554681
Closure_86,20251218_075532,20251218_075543,0.035942694108316964,0.033984833108092916,0.06992752721640988
Closure_141,20251218_075532,20251218_075543,0.03527279625987867,0.03371670688888352,0.06898950314876219
Closure_114,20251218_075532,20251218_075543,0.03467623183475932,0.03379539205450875,0.06847162388926807
Jsoup_32,20251218_075532,20251218_075543,0.03452933358463217,0.03346592658596446,0.06799526017059662
JacksonDatabind_75,20251218_075532,20251218_075543,0.0342843933748358,0.033505678871033354,0.06779007224586915
JacksonDatabind_82,20251218_075532,20251218_075543,0.03397913176759748,0.033381898048039725,0.06736102981563721
Jsoup_85,20251218_075532,20251218_075543,0.034007939161358136,0.033186357142811145,0.06719429630416929
Collections_12,20251218_075532,20251218_075543,0.03382049904733675,0.03243244976084349,0.06625294880818024
Csv_9,20251218_075532,20251218_075543,0.033455960972012866,0.03276846089533397,0.06622442186734684
Chart_9,20251218_075532,20251218_075543,0.03350703191714888,0.032705884889007886,0.06621291680615676
Lang_20,20251218_075532,20251218_075543,0.03346438836523391,0.03269537897673722,0.06615976734197113
Closure_72,20251218_075532,20251218_075543,0.03341676031793206,0.03259181344265629,0.06600857376058836
Compress_43,20251218_075532,20251218_075543,0.03205850377337316,0.03141942532038537,0.06347792909375853
JacksonXml_5,20251218_075532,20251218_075543,0.0315731942241082,0.030864781109459852,0.062437975333568055
Closure_102,20251218_075532,20251218_075543,0.031455751226738826,0.030641717925518848,0.062097469152257674
Closure_40,20251218_075532,20251218_075543,0.031293631296223756,0.03065262655938707,0.06194625785561082
Closure_162,20251218_075532,20251218_075543,0.031010722542948344,0.029640695124778422,0.06065141766772676
Time_8,20251218_075532,20251218_075543,0.030160907074658905,0.029379091591185045,0.059539998665843946
Cli_40,20251218_075532,20251218_075543,0.029913881662785746,0.029295920041891244,0.05920980170467699
Collections_13,20251218_075532,20251218_075543,0.029796357213470737,0.028721009752254317,0.05851736696572506
Closure_117,20251218_075532,20251218_075543,0.02949238511614083,0.02878571007668091,0.05827809519282174
JacksonDatabind_70,20251218_075532,20251218_075543,0.028893962546953977,0.028382873033625796,0.05727683558057978
Jsoup_51,20251218_075532,20251218_075543,0.029078264377871532,0.02802156142309202,0.05709982580096355
Chart_6,20251218_075532,20251218_075543,0.02867310587666605,0.028077157315154463,0.05675026319182051
Collections_28,20251218_075532,20251218_075543,0.028563824387326964,0.027700195884994457,0.05626402027232142
Closure_176,20251218_075532,20251218_075543,0.028188420016741045,0.0276921672251842,0.055880587241925246
Closure_71,20251218_075532,20251218_075543,0.028095659275898077,0.027521480604351823,0.0556171398802499
Lang_9,20251218_075532,20251218_075543,0.027908653154366636,0.027329217598304013,0.05523787075267065
Jsoup_53,20251218_075532,20251218_075543,0.027620425050956188,0.02707082890431508,0.05469125395527127
Codec_10,20251218_075532,20251218_075543,0.027401200828732986,0.027017337205405865,0.05441853803413885
Csv_15,20251218_075532,20251218_075543,0.027257385995231642,0.026829171910842154,0.05408655790607379
Math_18,20251218_075532,20251218_075543,0.027393548115712152,0.026683900413570466,0.05407744852928262
Closure_168,20251218_075532,20251218_075543,0.027082763041728075,0.02653997409634474,0.053622737138072814
Jsoup_27,20251218_075532,20251218_075543,0.02708720092681416,0.02632834222320657,0.05341554315002073
Math_105,20251218_075532,20251218_075543,0.026959788287450825,0.025881877688618448,0.05284166597606928
Jsoup_23,20251218_075532,20251218_075543,0.02654063808301177,0.026100246308500295,0.052640884391512065
Lang_46,20251218_075532,20251218_075543,0.02652469022229731,0.026103495230379792,0.0526281854526771
JacksonCore_21,20251218_075532,20251218_075543,0.026533506246170457,0.026078258408233523,0.05261176465440398
Gson_10,20251218_075532,20251218_075543,0.026353836553030474,0.025854601790810772,0.05220843834384124
Time_25,20251218_075532,20251218_075543,0.02643275412845436,0.025160022610905525,0.051592776739359886
JxPath_20,20251218_075532,20251218_075543,0.02587460490554161,0.025234852958394786,0.05110945786393639
Jsoup_18,20251218_075532,20251218_075543,0.02519475953054129,0.02446153105434898,0.04965629058489027
Csv_3,20251218_075532,20251218_075543,0.025123108188277454,0.024525641213910196,0.04964874940218765
JxPath_8,20251218_075532,20251218_075543,0.024923249814371218,0.024416287925943664,0.04933953774031488
Closure_161,20251218_075532,20251218_075543,0.02480385080832237,0.024375809659275657,0.04917966046759803
Csv_4,20251218_075532,20251218_075543,0.02466827445865105,0.024247147052184396,0.048915421510835444
Closure_123,20251218_075532,20251218_075543,0.024432538912446677,0.024126159793429466,0.04855869870587615
Lang_15,20251218_075532,20251218_075543,0.024447891609334693,0.024070878231881507,0.0485187698412162
Compress_38,20251218_075532,20251218_075543,0.025305956833904686,0.02289285057429541,0.048198807408200095
JacksonDatabind_63,20251218_075532,20251218_075543,0.024424462351509302,0.023765704042998402,0.048190166394507704
Math_14,20251218_075532,20251218_075543,0.02454379601450407,0.023633489611982177,0.04817728562648625
Closure_164,20251218_075532,20251218_075543,0.02430900784107104,0.023827527528985815,0.048136535370056854
Math_40,20251218_075532,20251218_075543,0.024161540296537387,0.02384911470580846,0.048010655002345845
JacksonDatabind_47,20251218_075532,20251218_075543,0.023914543099817553,0.02358557509635634,0.04750011819617389
Lang_64,20251218_075532,20251218_075543,0.024304797806664613,0.023167170450135666,0.04747196825680028
JacksonDatabind_27,20251218_075532,20251218_075543,0.023735235687474487,0.023360602057456364,0.047095837744930855
Jsoup_10,20251218_075532,20251218_075543,0.023555616494847387,0.02319520167075869,0.04675081816560608
Math_22,20251218_075532,20251218_075543,0.023401674336931633,0.02298720821476819,0.046388882551699824
Csv_1,20251218_075532,20251218_075543,0.02334473005614024,0.02284496376744182,0.04618969382358206
Jsoup_15,20251218_075532,20251218_075543,0.023161824142868603,0.02284506844167809,0.046006892584546696
Lang_31,20251218_075532,20251218_075543,0.02353871483041381,0.02236251320020114,0.04590122803061495
Closure_54,20251218_075532,20251218_075543,0.023066674840041435,0.02274271543137729,0.045809390271418726
Cli_8,20251218_075532,20251218_075543,0.022978589225395973,0.022490997322813906,0.04546958654820988
Math_99,20251218_075532,20251218_075543,0.022793774933540067,0.022402574608895352,0.04519634954243542
Math_29,20251218_075532,20251218_075543,0.022739985652093786,0.02229929723941794,0.045039282891511725
Math_30,20251218_075532,20251218_075543,0.02277165914765411,0.022064834861290416,0.04483649400894453
Lang_36,20251218_075532,20251218_075543,0.022431640922342178,0.022142739268019795,0.04457438019036197
Closure_116,20251218_075532,20251218_075543,0.02246490235977583,0.021961532132361204,0.04442643449213703
Cli_29,20251218_075532,20251218_075543,0.022262029056672628,0.021730949445335185,0.04399297850200781
Compress_40,20251218_075532,20251218_075543,0.022164455787759385,0.02174661450473752,0.043911070292496905
Closure_146,20251218_075532,20251218_075543,0.021983635951272618,0.021556506122367966,0.043540142073640584
Math_9,20251218_075532,20251218_075543,0.02197996442767769,0.02154433478911718,0.04352429921679487
Mockito_1,20251218_075532,20251218_075543,0.02176240827172582,0.02145877976855185,0.04322118804027767
Closure_157,20251218_075532,20251218_075543,0.02163682540072931,0.021276347688399255,0.042913173089128565
Math_88,20251218_075532,20251218_075543,0.02161296927215073,0.021104034339623535,0.04271700361177426
Collections_18,20251218_075532,20251218_075543,0.021678804377583072,0.02081370052665171,0.042492504904234785
Lang_49,20251218_075532,20251218_075543,0.021412155344081363,0.020997147606298262,0.042409302950379625
Lang_52,20251218_075532,20251218_075543,0.02119182403149078,0.020959749742826626,0.04215157377431741
Jsoup_54,20251218_075532,20251218_075543,0.021610766407924364,0.020528399947372294,0.04213916635529666
Closure_89,20251218_075532,20251218_075543,0.02111678832522146,0.0208031922887083,0.04191998061392976
Codec_8,20251218_075532,20251218_075543,0.02096263397333087,0.02064561309469079,0.04160824706802166
Math_8,20251218_075532,20251218_075543,0.020795861538136284,0.02034913471311536,0.04114499625125165
Closure_79,20251218_075532,20251218_075543,0.020559677718814617,0.02028317334668112,0.04084285106549573
JacksonCore_15,20251218_075532,20251218_075543,0.020258527636209722,0.019796065674682922,0.040054593310892644
Closure_58,20251218_075532,20251218_075543,0.02018025590625694,0.01967013890438283,0.03985039481063977
Closure_115,20251218_075532,20251218_075543,0.019902604765559717,0.019461220772655222,0.039363825538214936
Lang_37,20251218_075532,20251218_075543,0.019799689465108905,0.019526223982617143,0.03932591344772605
Closure_44,20251218_075532,20251218_075543,0.02023674149747956,0.01899813183604248,0.03923487333352204
Chart_17,20251218_075532,20251218_075543,0.01999638673318027,0.019153814110151844,0.039150200843332116
JacksonDatabind_107,20251218_075532,20251218_075543,0.019310970466319688,0.019031032998908282,0.03834200346522797
JacksonXml_4,20251218_075532,20251218_075543,0.019356784059987753,0.01888738215787733,0.03824416621786508
Closure_82,20251218_075532,20251218_075543,0.01904961742472322,0.018650703985565266,0.037700321410288486
Math_2,20251218_075532,20251218_075543,0.01899357375118038,0.018501293659210202,0.037494867410390584
Jsoup_41,20251218_075532,20251218_075543,0.01900437699999946,0.018215583014885073,0.037219960014884534
Compress_47,20251218_075532,20251218_075543,0.018784051534162405,0.018403282337905495,0.0371873338720679
Compress_24,20251218_075532,20251218_075543,0.018993492673620826,0.018089726482063757,0.037083219155684584
Jsoup_1,20251218_075532,20251218_075543,0.01865056930955089,0.01821735769255549,0.03686792700210638
Closure_118,20251218_075532,20251218_075543,0.018620032705677136,0.018244506789182678,0.036864539494859815
Compress_25,20251218_075532,20251218_075543,0.018728120888088284,0.01810979514028512,0.0368379160283734
Closure_125,20251218_075532,20251218_075543,0.018497360230055104,0.01824928880387909,0.036746649033934195
Collections_17,20251218_075532,20251218_075543,0.01878249725714265,0.01793222203213944,0.03671471928928209
JacksonDatabind_39,20251218_075532,20251218_075543,0.018499542595032503,0.018054313516959422,0.036553856111991925
JacksonDatabind_101,20251218_075532,20251218_075543,0.018347529503295767,0.018143886440905165,0.03649141594420093
Collections_8,20251218_075532,20251218_075543,0.01799321271931853,0.017574077539316214,0.03556729025863474
Closure_31,20251218_075532,20251218_075543,0.017854324117725584,0.01768954694244529,0.03554387106017087
Closure_110,20251218_075532,20251218_075543,0.017829303980222644,0.017585933202734362,0.035415237182957006
Closure_127,20251218_075532,20251218_075543,0.017808173338785593,0.017503791914981595,0.03531196525376719
JacksonDatabind_2,20251218_075532,20251218_075543,0.017719282159298855,0.01732284059697875,0.035042122756277605
Time_5,20251218_075532,20251218_075543,0.017645952859865366,0.01737912674287155,0.03502507960273692
Closure_75,20251218_075532,20251218_075543,0.017500576338421725,0.01706454953663892,0.034565125875060644
Mockito_28,20251218_075532,20251218_075543,0.01742211271421712,0.01696603185694927,0.03438814457116639
Jsoup_13,20251218_075532,20251218_075543,0.01729890634916109,0.01703692364926432,0.03433582999842541
Lang_19,20251218_075532,20251218_075543,0.0173206953850229,0.016950928248671407,0.034271623633694306
Compress_6,20251218_075532,20251218_075543,0.01725534402664919,0.016997525336939413,0.0342528693635886
Gson_5,20251218_075532,20251218_075543,0.017057975834052996,0.016799937307548064,0.03385791314160106
Math_55,20251218_075532,20251218_075543,0.016723962156326655,0.016498513219660282,0.03322247537598694
Gson_13,20251218_075532,20251218_075543,0.01667895530060015,0.01650336417502597,0.033182319475626124
Lang_54,20251218_075532,20251218_075543,0.01672122738442905,0.016317310244181833,0.03303853762861088
JacksonDatabind_45,20251218_075532,20251218_075543,0.01659457418668908,0.016326382747700388,0.03292095693438947
Mockito_21,20251218_075532,20251218_075543,0.016614130283157058,0.016181760660213533,0.03279589094337059
JacksonDatabind_98,20251218_075532,20251218_075543,0.016348879952369,0.016161159675499998,0.032510039627869
Math_46,20251218_075532,20251218_075543,0.01630260355630453,0.016068014968714614,0.03237061852501914
Cli_28,20251218_075532,20251218_075543,0.01611667850752907,0.015914489363160582,0.03203116787068965
Lang_39,20251218_075532,20251218_075543,0.016043486192445666,0.01588738851302268,0.03193087470546835
Math_34,20251218_075532,20251218_075543,0.015938097562281817,0.01563581980137837,0.031573917363660185
Closure_1,20251218_075532,20251218_075543,0.015856371903517408,0.01563756618502628,0.031493938088543685
Closure_135,20251218_075532,20251218_075543,0.015856544203752376,0.015468155511943391,0.031324699715695764
Compress_13,20251218_075532,20251218_075543,0.016340644167992968,0.014948542250527275,0.03128918641852024
Compress_1,20251218_075532,20251218_075543,0.015763638332048968,0.015417118046594703,0.03118075637864367
Compress_46,20251218_075532,20251218_075543,0.015685885911072228,0.015339373343048236,0.031025259254120464
Gson_14,20251218_075532,20251218_075543,0.01596015816939822,0.014906057233515117,0.030866215402913337
Mockito_30,20251218_075532,20251218_075543,0.015486779023163644,0.015072703935650154,0.030559482958813798
Math_45,20251218_075532,20251218_075543,0.015366803076998226,0.015102852535474024,0.030469655612472252
Jsoup_76,20251218_075532,20251218_075543,0.01543551098237872,0.01488963201934216,0.03032514300172088
Closure_133,20251218_075532,20251218_075543,0.015514520504416929,0.014744736334160458,0.030259256838577386
Closure_13,20251218_075532,20251218_075543,0.015207891012993136,0.014854472735643932,0.030062363748637067
Math_64,20251218_075532,20251218_075543,0.01507431932085268,0.014957084611293827,0.030031403932146507
JacksonDatabind_13,20251218_075532,20251218_075543,0.014967511908864584,0.014796175916693492,0.029763687825558077
Cli_27,20251218_075532,20251218_075543,0.014892671385802858,0.014720002479354212,0.02961267386515707
Closure_39,20251218_075532,20251218_075543,0.01490276020637471,0.014654130693361304,0.029556890899736014
Collections_6,20251218_075532,20251218_075543,0.014802362748234987,0.014672665883259602,0.02947502863149459
Math_67,20251218_075532,20251218_075543,0.014787609838722737,0.014555840878873258,0.029343450717595997
Chart_1,20251218_075532,20251218_075543,0.01466411145840496,0.014544009374772711,0.02920812083317767
Time_17,20251218_075532,20251218_075543,0.014829658965130665,0.014319302485857156,0.02914896145098782
Closure_84,20251218_075532,20251218_075543,0.014682306801566902,0.014301591358918567,0.02898389816048547
Math_37,20251218_075532,20251218_075543,0.014525719636249379,0.01437437126447774,0.02890009090072712
Math_70,20251218_075532,20251218_075543,0.014510791535891743,0.014312973753972488,0.02882376528986423
Math_10,20251218_075532,20251218_075543,0.014382347575337961,0.01405090747982016,0.028433255055158122
Jsoup_82,20251218_075532,20251218_075543,0.014261145475419568,0.014080185366498278,0.028341330841917846
Closure_106,20251218_075532,20251218_075543,0.014345939709130118,0.01396097154175999,0.028306911250890108
JacksonCore_4,20251218_075532,20251218_075543,0.014226019164868431,0.01402700256260276,0.02825302172747119
Closure_105,20251218_075532,20251218_075543,0.014159327170702785,0.014029071247367957,0.02818839841807074
Jsoup_26,20251218_075532,20251218_075543,0.014149211314479437,0.013844523412078175,0.027993734726557612
Lang_24,20251218_075532,20251218_075543,0.01392160051759972,0.013812624375932593,0.027734224893532312
Compress_7,20251218_075532,20251218_075543,0.014050153104355978,0.01367012184935731,0.02772027495371329
JacksonCore_2,20251218_075532,20251218_075543,0.013912856334225676,0.013721905066631734,0.02763476140085741
Jsoup_34,20251218_075532,20251218_075543,0.013884481095881807,0.013691585288263166,0.027576066384144973
JacksonDatabind_49,20251218_075532,20251218_075543,0.013920137743803851,0.013632329438693188,0.02755246718249704
Math_72,20251218_075532,20251218_075543,0.013768202330742385,0.01365875797837106,0.027426960309113443
Closure_156,20251218_075532,20251218_075543,0.013710431891193808,0.013459346257150173,0.02716977814834398
JacksonDatabind_102,20251218_075532,20251218_075543,0.01362349673858243,0.013474367867812764,0.027097864606395194
Csv_2,20251218_075532,20251218_075543,0.013666667635032548,0.013392769548761688,0.027059437183794235
JacksonDatabind_74,20251218_075532,20251218_075543,0.013643861666065904,0.01341260545088554,0.027056467116951442
Jsoup_39,20251218_075532,20251218_075543,0.013508016882536333,0.013365639046597919,0.026873655929134252
Mockito_34,20251218_075532,20251218_075543,0.013478193137282934,0.013279252450166278,0.026757445587449212
Mockito_22,20251218_075532,20251218_075543,0.013401791393591544,0.01317631041790646,0.026578101811498004
JacksonDatabind_100,20251218_075532,20251218_075543,0.013303045916734257,0.01307848689694461,0.026381532813678867
Math_92,20251218_075532,20251218_075543,0.013373695310057832,0.012982753454707563,0.026356448764765394
Mockito_33,20251218_075532,20251218_075543,0.013295979487180976,0.013055520811311025,0.026351500298492002
Closure_145,20251218_075532,20251218_075543,0.013382829636209959,0.01289775486016358,0.02628058449637354
Closure_10,20251218_075532,20251218_075543,0.013293400089333884,0.01298112450722243,0.026274524596556315
Math_68,20251218_075532,20251218_075543,0.013105566653976553,0.012993515136387699,0.02609908179036425
JxPath_5,20251218_075532,20251218_075543,0.013253608502717062,0.012752233627252751,0.026005842129969814
Mockito_12,20251218_075532,20251218_075543,0.013157978681157756,0.012797627604308252,0.025955606285466008
Lang_58,20251218_075532,20251218_075543,0.012981992877757476,0.01287446306738001,0.025856455945137486
JxPath_12,20251218_075532,20251218_075543,0.01293749309955472,0.012711802495071312,0.02564929559462603
JacksonDatabind_35,20251218_075532,20251218_075543,0.012859554472132828,0.012737981153741806,0.025597535625874634
Gson_11,20251218_075532,20251218_075543,0.012988388698223163,0.012517739615823448,0.02550612831404661
Closure_37,20251218_075532,20251218_075543,0.012893537361965413,0.012487266281055748,0.02538080364302116
JacksonDatabind_62,20251218_075532,20251218_075543,0.012694446645193702,0.012510470750470355,0.025204917395664057
Cli_20,20251218_075532,20251218_075543,0.012666390803332428,0.012489182286383335,0.025155573089715763
Mockito_16,20251218_075532,20251218_075543,0.012647990561902578,0.01244527760791511,0.02509326816981769
Math_52,20251218_075532,20251218_075543,0.012622236299510314,0.012455403212119232,0.025077639511629547
Closure_81,20251218_075532,20251218_075543,0.012623272615959413,0.012293243100476008,0.02491651571643542
Lang_41,20251218_075532,20251218_075543,0.012514465130468055,0.01236752163450577,0.024881986764973826
Math_94,20251218_075532,20251218_075543,0.012441866810047664,0.012344062629247839,0.0247859294392955
Compress_16,20251218_075532,20251218_075543,0.012452581022073694,0.012312335634071914,0.024764916656145608
Time_1,20251218_075532,20251218_075543,0.01237463875694056,0.012219846876779468,0.024594485633720027
Compress_18,20251218_075532,20251218_075543,0.012353490944129852,0.012222941761210365,0.02457643270534022
JacksonDatabind_77,20251218_075532,20251218_075543,0.01242484868733773,0.012124767473606295,0.024549616160944025
Time_22,20251218_075532,20251218_075543,0.01241446276364111,0.012121135017182351,0.02453559778082346
JacksonDatabind_33,20251218_075532,20251218_075543,0.012302742324704408,0.012186457431309462,0.02448919975601387
JxPath_14,20251218_075532,20251218_075543,0.012319178917241214,0.012159081010069878,0.02447825992731109
Math_25,20251218_075532,20251218_075543,0.012334389490159081,0.012109009809220073,0.024443399299379154
JacksonCore_19,20251218_075532,20251218_075543,0.012245079263847325,0.012147199944593012,0.024392279208440337
Lang_42,20251218_075532,20251218_075543,0.012224968772631462,0.012014649677100047,0.024239618449731506
Closure_45,20251218_075532,20251218_075543,0.01215993182002384,0.012001207755066644,0.024161139575090484
Cli_23,20251218_075532,20251218_075543,0.012151234688008827,0.011964791746252508,0.024116026434261334
Math_62,20251218_075532,20251218_075543,0.012046607460204584,0.011868757644710183,0.023915365104914765
Closure_100,20251218_075532,20251218_075543,0.011980367235452372,0.01185090912369034,0.023831276359142714
Jsoup_8,20251218_075532,20251218_075543,0.01216482080036374,0.01165767193254677,0.02382249273291051
Math_21,20251218_075532,20251218_075543,0.011893460051164428,0.011775695154508409,0.023669155205672837
JacksonDatabind_67,20251218_075532,20251218_075543,0.011881182658929124,0.011758682936531182,0.023639865595460306
Collections_14,20251218_075532,20251218_075543,0.011855355688091596,0.011772978000151806,0.0236283336882434
Closure_12,20251218_075532,20251218_075543,0.011999931823470478,0.011490639868904563,0.02349057169237504
Codec_6,20251218_075532,20251218_075543,0.011793559507076834,0.011651363484810783,0.023444922991887617
Closure_87,20251218_075532,20251218_075543,0.011870224255824402,0.011517233664631175,0.023387457920455577
Jsoup_57,20251218_075532,20251218_075543,0.011727568137470668,0.011634628440058508,0.023362196577529176
Time_24,20251218_075532,20251218_075543,0.011682440895851798,0.011390539635972731,0.02307298053182453
JacksonDatabind_46,20251218_075532,20251218_075543,0.011516782095229994,0.011386395159264592,0.022903177254494585
Lang_57,20251218_075532,20251218_075543,0.011399975757618863,0.01127439680414655,0.022674372561765414
Lang_33,20251218_075532,20251218_075543,0.011426686471131431,0.01120286460580497,0.0226295510769364
Jsoup_47,20251218_075532,20251218_075543,0.011288606815741176,0.0112109201573579,0.022499526973099076
Math_24,20251218_075532,20251218_075543,0.011297562367543978,0.011196923194787193,0.02249448556233117
Cli_15,20251218_075532,20251218_075543,0.011447795381099635,0.011035994077820032,0.022483789458919667
Lang_59,20251218_075532,20251218_075543,0.01120086338235815,0.011114152902634046,0.022315016284992197
Math_87,20251218_075532,20251218_075543,0.011220011462244495,0.011046956184405635,0.022266967646650128
Closure_64,20251218_075532,20251218_075543,0.011247930644465054,0.010893224499306148,0.022141155143771202
Chart_18,20251218_075532,20251218_075543,0.011003183454355803,0.010844274016095397,0.0218474574704512
Cli_13,20251218_075532,20251218_075543,0.010964378595798463,0.010881257680388027,0.021845636276186492
Compress_27,20251218_075532,20251218_075543,0.010966190679674304,0.010796657183524853,0.021762847863199156
Lang_7,20251218_075532,20251218_075543,0.010926058568438979,0.010833393844591099,0.021759452413030077
Jsoup_6,20251218_075532,20251218_075543,0.01092457662272217,0.010733898319742086,0.021658474942464256
Time_14,20251218_075532,20251218_075543,0.010859977553401512,0.010738045672139637,0.02159802322554115
Math_42,20251218_075532,20251218_075543,0.010752666846495673,0.01064433306829075,0.021396999914786424
Math_89,20251218_075532,20251218_075543,0.010888924443320125,0.010333861480295123,0.021222785923615248
Closure_138,20251218_075532,20251218_075543,0.010663984646876123,0.010549476284126776,0.0212134609310029
Jsoup_46,20251218_075532,20251218_075543,0.01052428538968786,0.010464276894356328,0.020988562284044186
Math_98,20251218_075532,20251218_075543,0.010501363682437814,0.010438855344612278,0.020940219027050094
Closure_56,20251218_075532,20251218_075543,0.010491312290575427,0.01041099061603794,0.020902302906613365
Closure_174,20251218_075532,20251218_075543,0.010495216951635689,0.01034498153484031,0.020840198486476
Csv_14,20251218_075532,20251218_075543,0.010434267646003859,0.010342221579784048,0.020776489225787904
Lang_34,20251218_075532,20251218_075543,0.010436906173311167,0.01030007635618185,0.020736982529493016
Collections_4,20251218_075532,20251218_075543,0.010409604637694025,0.010321203667173911,0.020730808304867936
Closure_42,20251218_075532,20251218_075543,0.010631737462629687,0.010082583658009854,0.02071432112063954
Closure_121,20251218_075532,20251218_075543,0.010387459998628445,0.010314782765962755,0.0207022427645912
Closure_23,20251218_075532,20251218_075543,0.010378839706778997,0.010286846066930613,0.02066568577370961
Compress_41,20251218_075532,20251218_075543,0.010343807885794476,0.01026629050238588,0.020610098388180356
Jsoup_19,20251218_075532,20251218_075543,0.010442045561931401,0.010138905388759018,0.02058095095069042
Closure_74,20251218_075532,20251218_075543,0.010286420422896514,0.010219223693841033,0.020505644116737547
Cli_30,20251218_075532,20251218_075543,0.010265944858355303,0.010150495177792481,0.020416440036147784
Jsoup_88,20251218_075532,20251218_075543,0.01031712517133121,0.010086693546988747,0.020403818718319956
JxPath_10,20251218_075532,20251218_075543,0.010252347448452603,0.009963968076441152,0.020216315524893756
Cli_17,20251218_075532,20251218_075543,0.010091319989208092,0.010011635393403735,0.020102955382611826
Csv_10,20251218_075532,20251218_075543,0.010160522416639006,0.009847151972081539,0.020007674388720545
JacksonCore_17,20251218_075532,20251218_075543,0.010032869086384233,0.009787482132261535,0.019820351218645768
Closure_47,20251218_075532,20251218_075543,0.009927741568374504,0.009844519849905793,0.0197722614182803
Math_93,20251218_075532,20251218_075543,0.009792450136595798,0.00966815791108074,0.01946060804767654
Jsoup_37,20251218_075532,20251218_075543,0.009755006157990964,0.009685352732315947,0.01944035889030691
Lang_12,20251218_075532,20251218_075543,0.009751437435390642,0.009663141139257163,0.019414578574647803
JacksonDatabind_32,20251218_075532,20251218_075543,0.009721694736029907,0.009648472885601223,0.01937016762163113
Lang_35,20251218_075532,20251218_075543,0.009652174436618255,0.009540568700510302,0.019192743137128557
Math_78,20251218_075532,20251218_075543,0.00963300420745683,0.009540163868604257,0.019173168076061085
Closure_17,20251218_075532,20251218_075543,0.009527294284148669,0.009420816690344967,0.018948110974493636
JacksonDatabind_57,20251218_075532,20251218_075543,0.009380816161047578,0.00931446568380248,0.01869528184485006
Closure_27,20251218_075532,20251218_075543,0.009405060377715602,0.00926950678490756,0.01867456716262316
Jsoup_14,20251218_075532,20251218_075543,0.009415794950020429,0.009228027206357098,0.018643822156377526
Cli_14,20251218_075532,20251218_075543,0.009302850342734814,0.009210601627454728,0.01851345197018954
Jsoup_93,20251218_075532,20251218_075543,0.009240974436775184,0.009105646859824795,0.01834662129659998
Cli_37,20251218_075532,20251218_075543,0.009270083442689758,0.009017729726600907,0.018287813169290665
Closure_19,20251218_075532,20251218_075543,0.009168544012057245,0.009098202930927772,0.018266746942985017
Gson_16,20251218_075532,20251218_075543,0.009215603055329646,0.009024498470620635,0.01824010152595028
Time_13,20251218_075532,20251218_075543,0.009148010257752581,0.009053778829466966,0.018201789087219547
JacksonDatabind_71,20251218_075532,20251218_075543,0.00903488827273935,0.008989643480441314,0.018024531753180664
Jsoup_22,20251218_075532,20251218_075543,0.009045598817161382,0.00894443283365716,0.01799003165081854
Mockito_7,20251218_075532,20251218_075543,0.009242718089830904,0.008707895121731597,0.0179506132115625
Gson_17,20251218_075532,20251218_075543,0.008941816875907671,0.008888771328750846,0.017830588204658517
Closure_88,20251218_075532,20251218_075543,0.009096645231625677,0.00870233820952554,0.017798983441151217
Jsoup_44,20251218_075532,20251218_075543,0.00894697065161787,0.008634514344763429,0.0175814849963813
Math_49,20251218_075532,20251218_075543,0.008778989536760928,0.008720579801053023,0.01749956933781395
Codec_17,20251218_075532,20251218_075543,0.008728479980377513,0.008654237842461089,0.0173827178228386
Closure_147,20251218_075532,20251218_075543,0.008721681083642574,0.008617214296538576,0.01733889538018115
Compress_37,20251218_075532,20251218_075543,0.008618044148936521,0.008520233185185754,0.017138277334122275
Closure_25,20251218_075532,20251218_075543,0.008696643062582776,0.008405344790050718,0.017101987852633494
Jsoup_12,20251218_075532,20251218_075543,0.008458001385045266,0.00830905928315424,0.016767060668199506
Cli_24,20251218_075532,20251218_075543,0.008392305105310749,0.008309298062812002,0.01670160316812275
Cli_33,20251218_075532,20251218_075543,0.008314997103451294,0.008165234582036987,0.016480231685488282
Jsoup_83,20251218_075532,20251218_075543,0.008311254447731287,0.008108151283547936,0.016419405731279223
Closure_14,20251218_075532,20251218_075543,0.008217296334669832,0.008152505445436668,0.0163698017801065
Codec_15,20251218_075532,20251218_075543,0.008197855114372432,0.008130779239058797,0.01632863435343123
JacksonDatabind_91,20251218_075532,20251218_075543,0.008204189438807408,0.008073996364011536,0.016278185802818944
Csv_11,20251218_075532,20251218_075543,0.008172328836047793,0.008074295830740926,0.01624662466678872
Cli_19,20251218_075532,20251218_075543,0.008061563731755816,0.007986032311901724,0.01604759604365754
Lang_29,20251218_075532,20251218_075543,0.008051743412512913,0.0079865384887863,0.01603828190129921
Codec_3,20251218_075532,20251218_075543,0.008042148098584612,0.00798968379165646,0.01603183189024107
Csv_8,20251218_075532,20251218_075543,0.00804210707805253,0.007963435218393466,0.016005542296445997
Time_7,20251218_075532,20251218_075543,0.00804246809024689,0.00795771109303297,0.01600017918327986
Closure_51,20251218_075532,20251218_075543,0.008053635161632933,0.007941764421450767,0.0159953995830837
JacksonDatabind_108,20251218_075532,20251218_075543,0.008068408474801503,0.007917172881378524,0.01598558135618003
Lang_53,20251218_075532,20251218_075543,0.00796806812934836,0.007897908256728217,0.015865976386076577
Closure_11,20251218_075532,20251218_075543,0.007999247987706681,0.00780642982245584,0.01580567781016252
Jsoup_21,20251218_075532,20251218_075543,0.007942872642501042,0.007850126625308622,0.015792999267809665
Mockito_20,20251218_075532,20251218_075543,0.007857337386030894,0.007799500562783044,0.015656837948813937
Mockito_35,20251218_075532,20251218_075543,0.007845706063196012,0.007755389300788321,0.015601095363984333
Closure_101,20251218_075532,20251218_075543,0.007711776305046936,0.007656325053313093,0.015368101358360028
JxPath_22,20251218_075532,20251218_075543,0.007720131863961699,0.007619121231629182,0.015339253095590881
Jsoup_35,20251218_075532,20251218_075543,0.0076746416341209045,0.007600300192083203,0.015274941826204107
JacksonCore_14,20251218_075532,20251218_075543,0.0076484872024285,0.0075408166587347305,0.01518930386116323
Jsoup_49,20251218_075532,20251218_075543,0.007613825567810872,0.007363013091712441,0.014976838659523314
Cli_38,20251218_075532,20251218_075543,0.0075345628673373355,0.007435272820392132,0.014969835687729468
Lang_38,20251218_075532,20251218_075543,0.007537248782826911,0.007388220691099401,0.014925469473926312
JxPath_21,20251218_075532,20251218_075543,0.007528707279080393,0.0073836379205375925,0.014912345199617986
Cli_26,20251218_075532,20251218_075543,0.007479045061100198,0.0074008604219137145,0.014879905483013912
Math_84,20251218_075532,20251218_075543,0.007516235994358356,0.007361548423131997,0.014877784417490353
Math_82,20251218_075532,20251218_075543,0.007457681065843991,0.007402819016926147,0.014860500082770137
Time_6,20251218_075532,20251218_075543,0.007531994030961275,0.007314078943732358,0.014846072974693633
Math_57,20251218_075532,20251218_075543,0.007426493824747471,0.007340882650830528,0.014767376475578
Closure_70,20251218_075532,20251218_075543,0.0074319530050690474,0.00728705914150353,0.014719012146572577
Chart_22,20251218_075532,20251218_075543,0.007405209977526583,0.007278732208117707,0.01468394218564429
Cli_18,20251218_075532,20251218_075543,0.0073494249762200425,0.007279425663201394,0.014628850639421436
Compress_19,20251218_075532,20251218_075543,0.007320528952386995,0.00726772329772068,0.014588252250107675
Closure_38,20251218_075532,20251218_075543,0.007309886506728258,0.007212083908281959,0.014521970415010218
Closure_142,20251218_075532,20251218_075543,0.0073121869927421645,0.007191534573212265,0.01450372156595443
JacksonDatabind_8,20251218_075532,20251218_075543,0.00732061542914364,0.007119235320129251,0.01443985074927289
Mockito_4,20251218_075532,20251218_075543,0.007238001053138765,0.007170723233281113,0.014408724286419879
Closure_120,20251218_075532,20251218_075543,0.007464314416540496,0.0068903204120673855,0.014354634828607882
Closure_166,20251218_075532,20251218_075543,0.007056542537220434,0.006957309197671922,0.014013851734892356
JacksonCore_7,20251218_075532,20251218_075543,0.007010419596588546,0.006857540591196136,0.013867960187784682
Closure_122,20251218_075532,20251218_075543,0.007069000421617622,0.006718086178774119,0.01378708660039174
Codec_1,20251218_075532,20251218_075543,0.006892725956458845,0.006864128481789395,0.01375685443824824
Closure_103,20251218_075532,20251218_075543,0.006921167818668916,0.006813868993159498,0.013735036811828414
JacksonDatabind_69,20251218_075532,20251218_075543,0.0067721488182446166,0.006715866460261281,0.013488015278505898
JacksonDatabind_24,20251218_075532,20251218_075543,0.006784557941103664,0.0066844267169321615,0.013468984658035825
Closure_119,20251218_075532,20251218_075543,0.006752670165832919,0.006694193679826887,0.013446863845659806
Math_27,20251218_075532,20251218_075543,0.0067891561443955695,0.006638702236372848,0.013427858380768418
Mockito_3,20251218_075532,20251218_075543,0.006631821247055081,0.006545014643657577,0.013176835890712658
Compress_20,20251218_075532,20251218_075543,0.006599985644293982,0.006543175162143942,0.013143160806437924
JacksonDatabind_19,20251218_075532,20251218_075543,0.0065282320746469225,0.006495114352277308,0.01302334642692423
Jsoup_60,20251218_075532,20251218_075543,0.0065577960309850525,0.006456624578546595,0.013014420609531648
Closure_77,20251218_075532,20251218_075543,0.006509889686658665,0.006484882038832809,0.012994771725491475
Closure_67,20251218_075532,20251218_075543,0.006594928675087264,0.006352348284386182,0.012947276959473446
JacksonCore_26,20251218_075532,20251218_075543,0.006530069249054193,0.006329053572131323,0.012859122821185516
Jsoup_89,20251218_075532,20251218_075543,0.006393273277877531,0.006294062138344419,0.01268733541622195
Chart_8,20251218_075532,20251218_075543,0.006346992291361042,0.0062337666461730595,0.012580758937534102
Math_13,20251218_075532,20251218_075543,0.006524623834928578,0.006019724428909842,0.01254434826383842
JacksonCore_10,20251218_075532,20251218_075543,0.006156632626791225,0.006052313600457044,0.012208946227248269
Math_83,20251218_075532,20251218_075543,0.006107352264360211,0.006064953170305034,0.012172305434665244
Closure_62,20251218_075532,20251218_075543,0.006030112878342653,0.00600811508260754,0.012038227960950193
Chart_5,20251218_075532,20251218_075543,0.0059006910044479,0.005868233584496629,0.011768924588944529
Jsoup_38,20251218_075532,20251218_075543,0.005826423672737002,0.005771377366531937,0.01159780103926894
Closure_152,20251218_075532,20251218_075543,0.005901258247657193,0.005674002327984672,0.011575260575641864
Collections_20,20251218_075532,20251218_075543,0.005739602297957891,0.00565751939038046,0.011397121688338351
Closure_8,20251218_075532,20251218_075543,0.005756476842980751,0.005636303319859086,0.011392780162839837
Closure_35,20251218_075532,20251218_075543,0.005626591442616791,0.005575767596068126,0.011202359038684917
Compress_9,20251218_075532,20251218_075543,0.005560370774096546,0.005511845873375743,0.011072216647472289
JacksonCore_20,20251218_075532,20251218_075543,0.005527785788288497,0.0054772737438727685,0.011005059532161266
Math_19,20251218_075532,20251218_075543,0.005507150478477829,0.005466704003445736,0.010973854481923565
JacksonDatabind_59,20251218_075532,20251218_075543,0.005481093640338441,0.00545538030564785,0.010936473945986291
Lang_26,20251218_075532,20251218_075543,0.00539044940136546,0.005338749427061815,0.010729198828427275
Compress_5,20251218_075532,20251218_075543,0.0053062453176095925,0.005272517232195087,0.01057876254980468
Math_38,20251218_075532,20251218_075543,0.005288894065788474,0.005269088354173702,0.010557982419962177
Cli_5,20251218_075532,20251218_075543,0.005263240750832399,0.005218589493984896,0.010481830244817296
Mockito_5,20251218_075532,20251218_075543,0.005211923583205769,0.005171285804354036,0.010383209387559805
Lang_1,20251218_075532,20251218_075543,0.005174882340237108,0.005141212577089382,0.01031609491732649
Chart_13,20251218_075532,20251218_075543,0.00513777363631851,0.005111868439967239,0.010249642076285748
JacksonDatabind_54,20251218_075532,20251218_075543,0.005113590478153407,0.005097533476019148,0.010211123954172556
Math_86,20251218_075532,20251218_075543,0.005091393679902412,0.005062428511465987,0.010153822191368398
Closure_128,20251218_075532,20251218_075543,0.005088526626320755,0.005000379973278358,0.010088906599599113
JacksonCore_1,20251218_075532,20251218_075543,0.005070364977056485,0.004998792322287178,0.010069157299343663
Math_65,20251218_075532,20251218_075543,0.005045368397940342,0.00501378082872555,0.01005914922666589
Compress_31,20251218_075532,20251218_075543,0.005032972369111377,0.005003491096780083,0.01003646346589146
Math_28,20251218_075532,20251218_075543,0.0049950412253463305,0.0049600147132835256,0.009955055938629855
Jsoup_68,20251218_075532,20251218_075543,0.0049788489682605075,0.004937974136439484,0.009916823104699992
Math_103,20251218_075532,20251218_075543,0.004949871369144931,0.004837095676586519,0.00978696704573145
Closure_96,20251218_075532,20251218_075543,0.004911893617607355,0.004831336016119157,0.009743229633726511
Gson_9,20251218_075532,20251218_075543,0.004845268298426797,0.0047700797810274025,0.0096153480794542
Closure_2,20251218_075532,20251218_075543,0.004821114379611302,0.004766140950516487,0.009587255330127789
Closure_3,20251218_075532,20251218_075543,0.004779613832052831,0.0047571513419838295,0.009536765174036661
Gson_6,20251218_075532,20251218_075543,0.004781443801643581,0.004744262297433892,0.009525706099077474
Jsoup_43,20251218_075532,20251218_075543,0.004777037127307482,0.00473472473660761,0.009511761863915093
Lang_6,20251218_075532,20251218_075543,0.004725405811487171,0.004667096630864563,0.009392502442351734
Math_54,20251218_075532,20251218_075543,0.004697357911726652,0.004619385348632932,0.009316743260359583
Chart_19,20251218_075532,20251218_075543,0.00460356971103959,0.004585261689148477,0.009188831400188068
JacksonDatabind_90,20251218_075532,20251218_075543,0.004616509673050384,0.004571678432804798,0.009188188105855182
JacksonDatabind_106,20251218_075532,20251218_075543,0.004652496435053388,0.004533486426999859,0.009185982862053247
Jsoup_45,20251218_075532,20251218_075543,0.00459107769258793,0.0045744564670782825,0.009165534159666214
Cli_12,20251218_075532,20251218_075543,0.004609035189763189,0.004491891495533161,0.00910092668529635
JacksonDatabind_88,20251218_075532,20251218_075543,0.004575415298302188,0.004491497195079127,0.009066912493381315
Lang_44,20251218_075532,20251218_075543,0.004526349489962556,0.00451098452322185,0.009037334013184406
Mockito_6,20251218_075532,20251218_075543,0.004510804496806742,0.004483870964162891,0.008994675460969633
Compress_8,20251218_075532,20251218_075543,0.004486255866630762,0.004409271576970809,0.00889552744360157
Math_101,20251218_075532,20251218_075543,0.004456079695261739,0.004438289473058459,0.008894369168320197
JacksonDatabind_17,20251218_075532,20251218_075543,0.00439652338922647,0.004358935087290946,0.008755458476517416
Lang_50,20251218_075532,20251218_075543,0.004382058898753316,0.004354904921307772,0.008736963820061089
Closure_99,20251218_075532,20251218_075543,0.004331355537650072,0.004293003857603463,0.008624359395253536
Math_60,20251218_075532,20251218_075543,0.004367298749448079,0.0042260670011190285,0.008593365750567107
Math_32,20251218_075532,20251218_075543,0.004227147336177239,0.004199087797481387,0.008426235133658627
JacksonCore_8,20251218_075532,20251218_075543,0.00422142886468424,0.004188385722683925,0.008409814587368166
Closure_33,20251218_075532,20251218_075543,0.004202758657337435,0.004159834720151115,0.00836259337748855
JacksonDatabind_99,20251218_075532,20251218_075543,0.0041556154531978695,0.004137779716511758,0.008293395169709627
Closure_73,20251218_075532,20251218_075543,0.004128072897910728,0.004107362691910995,0.008235435589821724
JacksonDatabind_95,20251218_075532,20251218_075543,0.004098359458596379,0.004078333480633266,0.008176692939229645
Compress_23,20251218_075532,20251218_075543,0.004124660463975527,0.004044067827004488,0.008168728290980014
Math_73,20251218_075532,20251218_075543,0.004110320772289455,0.004052397563772276,0.008162718336061732
JacksonDatabind_41,20251218_075532,20251218_075543,0.004108426173032864,0.004027187266740964,0.008135613439773828
Closure_107,20251218_075532,20251218_075543,0.00404755350234387,0.0040119714095812895,0.008059524911925159
JacksonDatabind_44,20251218_075532,20251218_075543,0.004048737621690446,0.004010476915011385,0.00805921453670183
JacksonDatabind_61,20251218_075532,20251218_075543,0.004017061030433089,0.003998383064754307,0.008015444095187396
Lang_16,20251218_075532,20251218_075543,0.0039386479684218045,0.003912804059714198,0.007851452028136002
Gson_2,20251218_075532,20251218_075543,0.0039318709509479355,0.0039060464532512636,0.007837917404199198
Mockito_27,20251218_075532,20251218_075543,0.003936635230282537,0.0038898744492482373,0.007826509679530774
Math_48,20251218_075532,20251218_075543,0.003877915890531547,0.0038245574167338377,0.007702473307265385
JacksonDatabind_9,20251218_075532,20251218_075543,0.003852073842120829,0.0037997255396487115,0.00765179938176954
Lang_61,20251218_075532,20251218_075543,0.0038342272368658836,0.003813223284612845,0.007647450521478728
Math_26,20251218_075532,20251218_075543,0.0036794447614358905,0.003630442016930276,0.0073098867783661665
JacksonDatabind_28,20251218_075532,20251218_075543,0.0036376103366535517,0.003624878033143294,0.007262488369796845
Math_102,20251218_075532,20251218_075543,0.0036753239341815735,0.0035790486573433686,0.007254372591524942
Cli_39,20251218_075532,20251218_075543,0.0036166765704250814,0.003588369536931117,0.007205046107356198
Chart_25,20251218_075532,20251218_075543,0.0035876819503601887,0.0035709081128341693,0.007158590063194358
Lang_55,20251218_075532,20251218_075543,0.003560367554910737,0.0035453996512384827,0.00710576720614922
Math_59,20251218_075532,20251218_075543,0.0035541806817329658,0.003519252652213688,0.007073433333946654
Compress_14,20251218_075532,20251218_075543,0.003506270500234665,0.003461503435761173,0.006967773935995838
Lang_62,20251218_075532,20251218_075543,0.003509326379767641,0.0034481913004840263,0.006957517680251667
Math_23,20251218_075532,20251218_075543,0.0034749389418593513,0.0034510633472810484,0.0069260022891404
Jsoup_77,20251218_075532,20251218_075543,0.00347924265305366,0.0034030755111790004,0.006882318164232661
Math_1,20251218_075532,20251218_075543,0.003448457602046817,0.0034326810284324412,0.006881138630479258
Time_15,20251218_075532,20251218_075543,0.00345310495674811,0.003416569887580722,0.006869674844328832
Collections_1,20251218_075532,20251218_075543,0.003431884260372442,0.0034150273480630707,0.006846911608435513
Time_18,20251218_075532,20251218_075543,0.003460590415643283,0.0033461736583974416,0.006806764074040725
Lang_21,20251218_075532,20251218_075543,0.0033505459670803983,0.003331134195490028,0.0066816801625704265
Math_56,20251218_075532,20251218_075543,0.003325011701646341,0.003293308199339621,0.006618319900985962
Closure_129,20251218_075532,20251218_075543,0.0032391112730516536,0.003228552087394806,0.006467663360446459
Chart_12,20251218_075532,20251218_075543,0.003203420374851884,0.003193582955677117,0.006397003330529001
Chart_2,20251218_075532,20251218_075543,0.0031386918800522245,0.0031255027279257774,0.006264194607978002
Closure_94,20251218_075532,20251218_075543,0.0031463401141780256,0.003091329573630768,0.006237669687808794
Cli_9,20251218_075532,20251218_075543,0.0031180108732025147,0.0031049344598493398,0.006222945333051854
Closure_4,20251218_075532,20251218_075543,0.003129059096677933,0.0030883878670453693,0.006217446963723302
Closure_136,20251218_075532,20251218_075543,0.0031460249683861186,0.003034351311935579,0.006180376280321698
JxPath_6,20251218_075532,20251218_075543,0.003119060548133712,0.003056244404588751,0.006175304952722463
Math_85,20251218_075532,20251218_075543,0.0030927999918193283,0.0030698736434274544,0.006162673635246783
Closure_49,20251218_075532,20251218_075543,0.0030702696221232006,0.0030499526254688606,0.006120222247592061
Compress_11,20251218_075532,20251218_075543,0.0030519432049895823,0.0030105146993365545,0.006062457904326137
Jsoup_62,20251218_075532,20251218_075543,0.0030582831898509077,0.002991159268283427,0.006049442458134335
Math_31,20251218_075532,20251218_075543,0.0030230042961501002,0.0030110683736847494,0.00603407266983485
Jsoup_90,20251218_075532,20251218_075543,0.002999473934494734,0.0029705374841281496,0.005970011418622884
Math_41,20251218_075532,20251218_075543,0.002951656145196102,0.0029446750044926986,0.005896331149688801
Lang_45,20251218_075532,20251218_075543,0.002945903129428107,0.002925770252334951,0.005871673381763058
Closure_80,20251218_075532,20251218_075543,0.0029304775822462936,0.0029093996338845664,0.00583987721613086
Closure_78,20251218_075532,20251218_075543,0.002920792881515588,0.002913145156508241,0.005833938038023829
Collections_3,20251218_075532,20251218_075543,0.0029121633532791513,0.0028386791742404487,0.0057508425275196
Chart_26,20251218_075532,20251218_075543,0.0028672205683097918,0.0028609837779695053,0.0057282043462792975
JxPath_1,20251218_075532,20251218_075543,0.0028589825589013795,0.002843635640988493,0.0057026181998898725
Math_79,20251218_075532,20251218_075543,0.0028495299495066018,0.0028162682670231313,0.005665798216529733
Chart_15,20251218_075532,20251218_075543,0.002828072187980979,0.0028098041392368945,0.0056378763272178735
Gson_4,20251218_075532,20251218_075543,0.0028206944743645046,0.0028106929967179894,0.005631387471082494
JacksonDatabind_34,20251218_075532,20251218_075543,0.0028000920775732574,0.0027929263830013045,0.005593018460574562
Closure_15,20251218_075532,20251218_075543,0.002819207784284794,0.002771788912638887,0.005590996696923681
Closure_85,20251218_075532,20251218_075543,0.0028060169861512385,0.0027768578125303978,0.005582874798681636
Lang_47,20251218_075532,20251218_075543,0.0027937698662789945,0.002783413208861351,0.005577183075140346
Math_35,20251218_075532,20251218_075543,0.002697708005356292,0.002685387761007757,0.005383095766364049
JacksonCore_9,20251218_075532,20251218_075543,0.002675830665271439,0.002660657795157606,0.005336488460429045
JxPath_16,20251218_075532,20251218_075543,0.0026500952545742695,0.002635162948756601,0.0052852582033308705
Jsoup_59,20251218_075532,20251218_075543,0.0026235039553008654,0.0026072594785127847,0.00523076343381365
JacksonDatabind_97,20251218_075532,20251218_075543,0.0026199685383441196,0.0026062594865881,0.00522622802493222
Math_100,20251218_075532,20251218_075543,0.002608535249579047,0.0025985173295014295,0.0052070525790804765
Chart_3,20251218_075532,20251218_075543,0.002618180875478604,0.002588798995307482,0.005206979870786086
Closure_61,20251218_075532,20251218_075543,0.002575748229644903,0.0025601384292920394,0.0051358866589369424
Chart_16,20251218_075532,20251218_075543,0.0025486901346782886,0.002534862862106551,0.005083552996784839
Lang_51,20251218_075532,20251218_075543,0.0025216939081291745,0.002513313392570259,0.005035007300699433
Collections_25,20251218_075532,20251218_075543,0.0025104579316366227,0.0024778321748297506,0.004988290106466373
JacksonDatabind_12,20251218_075532,20251218_075543,0.0025073055062339034,0.0024637610839816464,0.00497106659021555
Lang_3,20251218_075532,20251218_075543,0.0024869588166656076,0.0024801113158860293,0.004967070132551637
Chart_20,20251218_075532,20251218_075543,0.002474155263485267,0.0024604687611605265,0.0049346240246457935
Closure_53,20251218_075532,20251218_075543,0.0024230873929789176,0.002398484983396801,0.0048215723763757184
Closure_172,20251218_075532,20251218_075543,0.0024143218775216635,0.0024056901811280265,0.0048200120586496895
Closure_171,20251218_075532,20251218_075543,0.0024066625314598245,0.0023987410533504224,0.004805403584810247
Chart_11,20251218_075532,20251218_075543,0.0024079431144456986,0.0023960742673510434,0.0048040173817967425
JacksonDatabind_42,20251218_075532,20251218_075543,0.0023942495790703067,0.0023896713116589715,0.004783920890729278
Lang_5,20251218_075532,20251218_075543,0.0023744572869914826,0.0023678521974663594,0.004742309484457842
Jsoup_72,20251218_075532,20251218_075543,0.0023310849112081478,0.002308419181884831,0.004639504093092979
Gson_12,20251218_075532,20251218_075543,0.002318758132450638,0.0022940975785502235,0.004612855711000861
Codec_5,20251218_075532,20251218_075543,0.002252956976098286,0.002243617388327717,0.004496574364426003
Closure_124,20251218_075532,20251218_075543,0.0022624390345751255,0.0022184913845274823,0.004480930419102608
Closure_50,20251218_075532,20251218_075543,0.0022184262864908266,0.002209417778927571,0.0044278440654183975
Math_36,20251218_075532,20251218_075543,0.0021906256418360304,0.0021745067269533973,0.004365132368789428
Compress_45,20251218_075532,20251218_075543,0.002170632965271535,0.0021553696275606387,0.004326002592832174
Chart_7,20251218_075532,20251218_075543,0.002162797223618673,0.002160005021731635,0.004322802245350308
Lang_30,20251218_075532,20251218_075543,0.002156882825864459,0.00214030675124377,0.004297189577108229
Mockito_29,20251218_075532,20251218_075543,0.0021190336206289295,0.0020915448024708735,0.004210578423099803
Compress_15,20251218_075532,20251218_075543,0.0020792707032775137,0.0020698128566797548,0.0041490835599572685
JacksonDatabind_5,20251218_075532,20251218_075543,0.002091041658489612,0.0020569055583860314,0.004147947216875643
JacksonDatabind_56,20251218_075532,20251218_075543,0.0020751060384129882,0.0020402315798930433,0.0041153376183060315
Jsoup_74,20251218_075532,20251218_075543,0.002032195725668595,0.0020131135126454473,0.0040453092383140425
JacksonDatabind_1,20251218_075532,20251218_075543,0.0019951105649951284,0.0019745201069220984,0.003969630671917227
Lang_40,20251218_075532,20251218_075543,0.0019674832638405526,0.0019494413066875882,0.003916924570528141
Math_4,20251218_075532,20251218_075543,0.0019535944458619614,0.001947452496301334,0.0039010469421632953
Closure_76,20251218_075532,20251218_075543,0.0019538411096666763,0.0019221926198036976,0.003876033729470374
Compress_30,20251218_075532,20251218_075543,0.0019341503925809356,0.001925380825538365,0.0038595312181193006
Math_106,20251218_075532,20251218_075543,0.0018994890555608102,0.0018865548647292243,0.0037860439202900345
Lang_10,20251218_075532,20251218_075543,0.0019130463462595504,0.0018394100105022168,0.003752456356761767
JacksonDatabind_36,20251218_075532,20251218_075543,0.0018735991336391589,0.0018688982671445555,0.0037424974007837144
Closure_6,20251218_075532,20251218_075543,0.0018539457062514142,0.0018494736142521857,0.0037034193205035997
Mockito_24,20251218_075532,20251218_075543,0.0018556821486050978,0.0018406479616618378,0.0036963301102669356
Gson_18,20251218_075532,20251218_075543,0.0018497741660494782,0.0018374077571454896,0.003687181923194968
Math_43,20251218_075532,20251218_075543,0.0018350137132541189,0.0018285433173457506,0.0036635570305998694
JacksonCore_25,20251218_075532,20251218_075543,0.001834068834410063,0.0018258462295916663,0.0036599150640017294
Cli_4,20251218_075532,20251218_075543,0.0017717950778337599,0.0017568487308009008,0.0035286438086346607
Closure_5,20251218_075532,20251218_075543,0.0017443081924199966,0.0017418836954957951,0.0034861918879157917
Cli_32,20251218_075532,20251218_075543,0.0017467527086854062,0.0017267020214740917,0.003473454730159498
JacksonCore_3,20251218_075532,20251218_075543,0.001733727379436667,0.0017193137522155868,0.0034530411316522538
Math_77,20251218_075532,20251218_075543,0.0017026984496362196,0.0016874239238584172,0.003390122373494637
Chart_24,20251218_075532,20251218_075543,0.0016259356755874421,0.0016199148064165716,0.0032458504820040137
Compress_10,20251218_075532,20251218_075543,0.001606809938831777,0.0015935355468202307,0.0032003454856520076
Closure_24,20251218_075532,20251218_075543,0.0015695620224329687,0.001557038405624902,0.0031266004280578706
Closure_92,20251218_075532,20251218_075543,0.0015451372294552623,0.001539646901558043,0.0030847841310133054
JacksonDatabind_58,20251218_075532,20251218_075543,0.0015517091835526298,0.0015327632145437208,0.0030844723980963506
Math_58,20251218_075532,20251218_075543,0.0015771765307508456,0.0015010673711638792,0.003078243901914725
Compress_32,20251218_075532,20251218_075543,0.0015296453307604985,0.0015279009277671997,0.003057546258527698
Csv_5,20251218_075532,20251218_075543,0.0015182317653807953,0.0015072287903825938,0.003025460555763389
Lang_65,20251218_075532,20251218_075543,0.0015042653398700256,0.0014886446677300387,0.0029929100076000643
Mockito_11,20251218_075532,20251218_075543,0.0014973337611097204,0.0014683854346181843,0.0029657191957279047
JacksonCore_6,20251218_075532,20251218_075543,0.0014635436732823859,0.0014590395771992334,0.0029225832504816193
Closure_57,20251218_075532,20251218_075543,0.0014378434416999486,0.0014349408720022816,0.00287278431370223
Mockito_18,20251218_075532,20251218_075543,0.0014310830703005983,0.0014271036463467828,0.002858186716647381
Gson_15,20251218_075532,20251218_075543,0.0014168905387510478,0.0014082984300701623,0.00282518896882121
JacksonCore_5,20251218_075532,20251218_075543,0.0014087828355238141,0.0014036519449340582,0.0028124347804578723
Closure_21,20251218_075532,20251218_075543,0.0013889798726294256,0.0013852662242813652,0.0027742460969107908
Closure_65,20251218_075532,20251218_075543,0.0013873761272500396,0.0013859433447656454,0.002773319472015685
Jsoup_33,20251218_075532,20251218_075543,0.0013632927090325708,0.0013538035216027356,0.0027170962306353064
Jsoup_55,20251218_075532,20251218_075543,0.0013522407618355992,0.0013450067665790382,0.0026972475284146374
JacksonDatabind_52,20251218_075532,20251218_075543,0.0013221402767389367,0.0013189693864300613,0.002641109663168998
Compress_35,20251218_075532,20251218_075543,0.0013463179481432164,0.0012856547405539279,0.0026319726886971442
JacksonXml_3,20251218_075532,20251218_075543,0.0013053790822263878,0.0013032371374829931,0.002608616219709381
Math_76,20251218_075532,20251218_075543,0.0012933145520976908,0.001284835490757216,0.0025781500428549067
Closure_160,20251218_075532,20251218_075543,0.0012911182641957009,0.001286682821992899,0.0025778010861886
Compress_44,20251218_075532,20251218_075543,0.001271592529280774,0.0012533733322007828,0.0025249658614815568
JacksonDatabind_104,20251218_075532,20251218_075543,0.0012733567879148477,0.0012436600186948796,0.0025170168066097273
Jsoup_24,20251218_075532,20251218_075543,0.0012528181456055165,0.0012486332650523996,0.002501451410657916
JacksonDatabind_29,20251218_075532,20251218_075543,0.0012395148134911604,0.0012301452017142904,0.002469660015205451
Closure_22,20251218_075532,20251218_075543,0.0011801588759015047,0.0011747772732007729,0.0023549361491022776
JacksonDatabind_76,20251218_075532,20251218_075543,0.001151704797312858,0.0011454044885338566,0.0022971092858467147
Chart_14,20251218_075532,20251218_075543,0.0011232872271722538,0.0011205358292319782,0.002243823056404232
Jsoup_50,20251218_075532,20251218_075543,0.0011222849816863167,0.0011105719022452831,0.0022328568839316
Gson_7,20251218_075532,20251218_075543,0.0011140581784128134,0.001111030112951994,0.0022250882913648073
Compress_12,20251218_075532,20251218_075543,0.001087185008860736,0.0010825920840528522,0.002169777092913588
Chart_21,20251218_075532,20251218_075543,0.0010096156183656557,0.0010001487401252313,0.002009764358490887
Time_19,20251218_075532,20251218_075543,0.001006329466791911,0.0009959627572230373,0.0020022922240149482
Compress_36,20251218_075532,20251218_075543,0.0009992326817929165,0.0009711872141219963,0.0019704198959149127
Jsoup_48,20251218_075532,20251218_075543,0.0009786145256105439,0.0009711680879456045,0.0019497826135561483
Closure_130,20251218_075532,20251218_075543,0.0009496358690526119,0.0009408722958618269,0.0018905081649144388
JacksonDatabind_3,20251218_075532,20251218_075543,0.0009261513602583094,0.0009214831837930735,0.0018476345440513828
Jsoup_42,20251218_075532,20251218_075543,0.0009177471337398213,0.0009128459077045641,0.0018305930414443854
Time_12,20251218_075532,20251218_075543,0.000904062061121369,0.0008949722508945594,0.0017990343120159284
Cli_25,20251218_075532,20251218_075543,0.0008907187738280697,0.0008874069671706126,0.0017781257409986823
Math_96,20251218_075532,20251218_075543,0.0008848938960812625,0.0008733210701570501,0.0017582149662383126
Time_23,20251218_075532,20251218_075543,0.0008527998952101434,0.0008494829751580836,0.001702282870368227
Lang_28,20251218_075532,20251218_075543,0.0008298098470700399,0.0008110095759202123,0.0016408194229902522
Closure_20,20251218_075532,20251218_075543,0.0008149701402999643,0.0008117112296598928,0.001626681369959857
Time_27,20251218_075532,20251218_075543,0.000788505897352243,0.0007778534628321895,0.0015663593601844324
JacksonDatabind_4,20251218_075532,20251218_075543,0.0007662243725259366,0.0007621077296847906,0.0015283321022107272
Codec_9,20251218_075532,20251218_075543,0.0007600123881379428,0.000756561585177523,0.0015165739733154658
JacksonCore_24,20251218_075532,20251218_075543,0.0007359926507983783,0.0007313371703212938,0.0014673298211196721
Chart_4,20251218_075532,20251218_075543,0.0006968293541405046,0.0006955504063505624,0.001392379760491067
JacksonCore_11,20251218_075532,20251218_075543,0.0006878546341571035,0.0006813187944350752,0.0013691734285921787
Lang_11,20251218_075532,20251218_075543,0.0006669478387759664,0.0006639787320454589,0.0013309265708214254
Codec_18,20251218_075532,20251218_075543,0.0006596382854098248,0.0006567347607883715,0.0013163730461981963
Collections_16,20251218_075532,20251218_075543,0.0006396860919071212,0.0006278192295747671,0.0012675053214818884
Compress_21,20251218_075532,20251218_075543,0.0006201431048664663,0.0006158369898753594,0.0012359800947418257
Codec_2,20251218_075532,20251218_075543,0.0005971621636782221,0.0005957143331618339,0.001192876496840056
Closure_91,20251218_075532,20251218_075543,0.0005877903557740538,0.0005801658681360913,0.0011679562239101451
Closure_143,20251218_075532,20251218_075543,0.0005708899141663171,0.0005643785720099593,0.0011352684861762764
Chart_10,20251218_075532,20251218_075543,0.0005587924648622344,0.0005524471170062963,0.0011112395818685308
Csv_6,20251218_075532,20251218_075543,0.000535106417646869,0.0005308978465072677,0.0010660042641541367
Jsoup_20,20251218_075532,20251218_075543,0.0005032206242945314,0.0005013361813872266,0.001004556805681758
Closure_83,20251218_075532,20251218_075543,0.0004870692030918278,0.0004735676095989176,0.0009606368126907454
JxPath_19,20251218_075532,20251218_075543,0.0004715514699962231,0.0004666821043118642,0.0009382335743080873
Lang_17,20251218_075532,20251218_075543,0.0004583766292840519,0.00045023857620746927,0.0009086152054915211
JacksonDatabind_93,20251218_075532,20251218_075543,0.0004462677271754867,0.0004433747242312295,0.0008896424514067162
Closure_36,20251218_075532,20251218_075543,0.00043545321641236256,0.0004336922723587977,0.0008691454887711603
Math_5,20251218_075532,20251218_075543,0.00040051964257581396,0.00039905487820401323,0.0007995745207798272
Jsoup_86,20251218_075532,20251218_075543,0.00039821246738336313,0.0003914726525296175,0.0007896851199129806
Jsoup_11,20251218_075532,20251218_075543,0.00037668250998557085,0.00037453487152006547,0.0007512173815056363
Cli_11,20251218_075532,20251218_075543,0.000376894252674731,0.000374237143557477,0.000751131396232208
Lang_43,20251218_075532,20251218_075543,0.0003681467518454884,0.00036229162023696665,0.000730438372082455
Closure_95,20251218_075532,20251218_075543,0.00036451278702243073,0.0003635966538810369,0.0007281094409034676
Math_3,20251218_075532,20251218_075543,0.0003618854731446408,0.00036073287560505233,0.0007226183487496931
Mockito_38,20251218_075532,20251218_075543,0.0003573641609160294,0.0003513956771177412,0.0007087598380337706
Mockito_37,20251218_075532,20251218_075543,0.0003093612645219679,0.0003055300071063121,0.00061489127162828
Lang_14,20251218_075532,20251218_075543,0.00027777915609461523,0.00027563609774150597,0.0005534152538361212
Lang_60,20251218_075532,20251218_075543,0.00026725041044928233,0.00026672270492748384,0.0005339731153767662
Lang_22,20251218_075532,20251218_075543,0.0002584000150622767,0.0002576292144791832,0.0005160292295414599
Time_4,20251218_075532,20251218_075543,0.0002510594017830492,0.0002488334181564855,0.0004998928199395347
JacksonDatabind_112,20251218_075532,20251218_075543,0.00024110819410916307,0.0002401356263594199,0.00048124382046858295
Cli_35,20251218_075532,20251218_075543,0.00021067674543839843,0.00020908541263359344,0.00041976215807199187
JacksonDatabind_81,20251218_075532,20251218_075543,0.00020601956720978087,0.0002041887491941452,0.0004102083164039261
Collections_23,20251218_075532,20251218_075543,0.00019914134354670487,0.00019796347046518396,0.00039710481401188883
JacksonDatabind_80,20251218_075532,20251218_075543,0.00019141249935761273,0.00019087907262579657,0.0003822915719834093
Math_66,20251218_075532,20251218_075543,0.00017177288698677629,0.00017088721506297588,0.00034266010204975217
Math_97,20251218_075532,20251218_075543,0.00016958316519977146,0.00016885998233085332,0.0003384431475306248
JacksonDatabind_48,20251218_075532,20251218_075543,0.0001672423690601832,0.0001666679008372027,0.0003339102698973859
Time_2,20251218_075532,20251218_075543,0.00014641420576744224,0.00014521169941872358,0.0002916259051861658
Closure_113,20251218_075532,20251218_075543,0.0001450261349800197,0.00014446669648327448,0.0002894928314632942
Jsoup_61,20251218_075532,20251218_075543,0.00012929488167512382,0.0001290382789954725,0.0002583331606705963
JacksonDatabind_16,20251218_075532,20251218_075543,0.0001310802834717517,0.00012288643634870977,0.0002539667198204615
Math_11,20251218_075532,20251218_075543,0.00011921697120187424,0.00011878488308722426,0.0002380018542890985
Collections_22,20251218_075532,20251218_075543,9.252337658205434e-05,9.199854024906709e-05,0.00018452191683112143
Math_80,20251218_075532,20251218_075543,8.037150732609355e-05,8.002600034623213e-05,0.00016039750767232568
